-- ═══════════════════════════════════════════════════════════════
-- NIGHTOS seed data (mirrors lib/nightos/mock-data.ts)
-- Run after 002_nightos_schema.sql.
-- Uses fixed UUIDs so mock <=> DB parity is easy to verify.
-- ═══════════════════════════════════════════════════════════════

-- Store
insert into nightos_stores (id, name)
values ('00000000-0000-0000-0000-000000000s01', 'CLUB NIGHTOS 銀座本店')
on conflict (id) do nothing;

-- Casts
insert into nightos_casts (id, store_id, name, nomination_count, monthly_sales, repeat_rate)
values
  ('00000000-0000-0000-0000-0000000000c1',
   '00000000-0000-0000-0000-000000000s01',
   'あかり', 18, 1840000, 0.72),
  ('00000000-0000-0000-0000-0000000000c2',
   '00000000-0000-0000-0000-000000000s01',
   'みさき', 14, 1420000, 0.65)
on conflict (id) do nothing;

-- Customers
insert into customers (id, store_id, cast_id, name, birthday, job, favorite_drink, category, store_memo)
values
  ('00000000-0000-0000-0000-000000000u01',
   '00000000-0000-0000-0000-000000000s01',
   '00000000-0000-0000-0000-0000000000c1',
   '田中 太郎', '1975-09-12', 'IT企業経営', '山崎12年ロック', 'vip',
   '息子さんの大学受験の話題はNG（落ちた）'),
  ('00000000-0000-0000-0000-000000000u02',
   '00000000-0000-0000-0000-000000000s01',
   '00000000-0000-0000-0000-0000000000c1',
   '高橋 誠', '1988-06-03', '金融ディーラー', '白州ハイボール', 'new', null),
  ('00000000-0000-0000-0000-000000000u03',
   '00000000-0000-0000-0000-000000000s01',
   '00000000-0000-0000-0000-0000000000c1',
   '渡辺 浩二', '1968-03-25', '不動産会社役員', 'マッカラン12年ロック', 'vip',
   '有馬記念はお気に入りの話題'),
  ('00000000-0000-0000-0000-000000000u04',
   '00000000-0000-0000-0000-000000000s01',
   '00000000-0000-0000-0000-0000000000c2',
   '佐藤 健一', '1979-11-08', '広告代理店', '響JH水割り', 'regular', null)
on conflict (id) do nothing;

-- Cast personal memos (あかり)
insert into cast_memos (customer_id, cast_id, last_topic, service_tips, next_topics)
values
  ('00000000-0000-0000-0000-000000000u01',
   '00000000-0000-0000-0000-0000000000c1',
   '4月のゴルフ旅行の計画',
   '最初は仕事の話から入る。2杯目以降にプライベート。山崎12年ロックが定番。息子さんの受験の話題は避ける（店舗メモ参照）。',
   '春のゴルフ旅行の持ち物、新しく開業したクライアント先'),
  ('00000000-0000-0000-0000-000000000u02',
   '00000000-0000-0000-0000-0000000000c1',
   '通い始めたジムのパーソナルトレーナーが厳しい',
   'ボトル提案はまだ早い。まず2〜3回指名を取りに行く。',
   'トレーニングの進捗、ボディメイク。'),
  ('00000000-0000-0000-0000-000000000u03',
   '00000000-0000-0000-0000-0000000000c1',
   '有馬記念でドウデュースの話',
   '競馬と不動産の話がツボ。マッカラン12年を切らさないように店舗に共有。',
   '春のGIシリーズ、桜花賞の予想。')
on conflict do nothing;

-- Bottles
insert into bottles (id, store_id, customer_id, brand, total_glasses, remaining_glasses, kept_at)
values
  ('00000000-0000-0000-0000-0000000000b1',
   '00000000-0000-0000-0000-000000000s01',
   '00000000-0000-0000-0000-000000000u01',
   '山崎12年', 20, 8, '2026-01-10 20:00:00+09'),
  ('00000000-0000-0000-0000-0000000000b2',
   '00000000-0000-0000-0000-000000000s01',
   '00000000-0000-0000-0000-000000000u03',
   'マッカラン12年', 20, 3, '2025-12-20 20:30:00+09'),
  ('00000000-0000-0000-0000-0000000000b3',
   '00000000-0000-0000-0000-000000000s01',
   '00000000-0000-0000-0000-000000000u01',
   '白州12年', 20, 6, '2026-02-01 20:30:00+09'),
  ('00000000-0000-0000-0000-0000000000b4',
   '00000000-0000-0000-0000-000000000s01',
   '00000000-0000-0000-0000-000000000u04',
   '響 JH', 20, 12, '2026-02-14 20:00:00+09')
on conflict (id) do nothing;

-- Note: `visits` are generated programmatically in mock-data.ts.
-- For DB-mode parity you'd insert one row per visit — omitted here since
-- PR-1 reads follow targets from mock only.
